áigi	áigi+N+Sg+Nom
áigi	áigi+Po
áigi	áigi+Adv

áigge	áigi+N+Sg+Gen+Allegro

aisttan	aisttan+Pr

aistton	aistton+Pr

ala	ala+Po

sukte	sukte+Po

alde	aldat+V+IV+Ind+Prs+Du1
alde	aldat+V+IV+Ind+Prt+Pl3
alde	alde+Po

nalde	nalde+Po
nalde	nalde+Adv

alde	aldat+V+IV+Ind+Prs+Du1
alde	aldat+V+IV+Ind+Prt+Pl3
alde	alde+Po

asu	assut+V+IV+VGen
asu	asu+Po
asu	asu+Adv

báldal	báldal+Po
báldal	báldal+Adv

bálddas	bálda+N+Sg+Loc
bálddas	bálda+N+Sg+Gen+PxSg3
bálddas	bálda+N+Sg+Acc+PxSg3
bálddas	bálddas+Po
bálddas	bálddas+Adv

báldda	bálda+N+Sg+Gen
báldda	bálda+N+Sg+Acc
báldda	báldda+Po
báldda	báldda+Adv

bálddas	bálda+N+Sg+Loc
bálddas	bálda+N+Sg+Gen+PxSg3
bálddas	bálda+N+Sg+Acc+PxSg3
bálddas	bálddas+Po
bálddas	bálddas+Adv

bálddas	bálda+N+Sg+Loc
bálddas	bálda+N+Sg+Gen+PxSg3
bálddas	bálda+N+Sg+Acc+PxSg3
bálddas	bálddas+Po
bálddas	bálddas+Adv

báldii	bálda+N+Sg+Ill
báldii	báldii+Po

bále	bállit+V+IV+Imprt+Sg2
bále	bállit+V+IV+Imprt+ConNeg
bále	bállit+V+IV+Ind+Prs+ConNeg
bále	bálli+N+Sg+Gen+Allegro
bále	bále+Po

báli	bállit+V+IV+VGen
báli	bálli+N+Sg+Gen
báli	bálli+N+Sg+Acc
báli	báli+Po

báras	bárra+N+Sg+Loc
báras	bárra+N+Sg+Gen+PxSg3
báras	bárra+N+Sg+Acc+PxSg3
báras	bára+N+Sg+Nom+PxSg3
báras	bára+N+Sg+Gen+PxSg3
báras	bára+N+Sg+Acc+PxSg3
báras	bára+N+Sg+Loc
báras	báras+Pr
báras	báras+Po

bárrii	bárra+N+Sg+Ill
bárrii	bárrii+Pr
bárrii	bárrii+Po

badjebealde	badjebealde+Pr
badjebealde	badjebealde+Po

badjel	badjel+Pr
badjel	badjel+Po

badjelii	badjelii+Pr
badjelii	badjelii+Po
badjelii	badjelii+Adv

badjelaš	badjelaš+Pr
badjelaš	badjelaš+Po

badjelii	badjelii+Pr
badjelii	badjelii+Po
badjelii	badjelii+Adv

badjelis	badjelis+Po
badjelis	badjelis+Pr
badjelis	badjelis+Adv

badjelis	badjelis+Po
badjelis	badjelis+Pr
badjelis	badjelis+Adv

bajábealde	bajá#bealde+Po
bajábealde	bajá#bealde+Pr
bajábealde	bajá#bealde+Adv

bajábeal	bajá#beal+Po
bajábeal	bajá#beal+Pr

bajábeale	bajá#bealli+N+Sg+Gen+Allegro
bajábeale	bajá#beale+Po
bajábeale	bajá#beale+Pr
bajábeale	bajá#beale+Adv

bajábeali	bajá#bealli+N+Sg+Gen
bajábeali	bajá#bealli+N+Sg+Acc
bajábeali	bajá#beali+Pr
bajábeali	bajá#beali+Po

bajábeallai	bajá#beallai+Po
bajábeallai	bajá#beallai+Pr
bajábeallai	bajá#beallai+Adv

bajábeallái	bajá#bealli+N+Sg+Ill
bajábeallái	bajá#beallái+Pr
bajábeallái	bajá#beallái+Po

bajil	bajil+Pr
bajil	bajil+Po
bajil	bajil+Adv

beald	beald+Pr
beald	beald+Po
beald	beald+Adv

bealde	bealde+Pr
bealde	bealde+Po

bealde	bealde+Pr
bealde	bealde+Po

beal	beal+Po

beale	bealli+N+Sg+Gen+Allegro
beale	bealle+N+Sg+Acc
beale	bealle+N+Sg+Gen
beale	bealle+N+Sg+Gen+Allegro
beale	beale+Pr
beale	beale+Po

beales	bealle+N+Sg+Acc+PxSg3
beales	bealle+N+Sg+Loc
beales	bealle+N+Sg+Gen+PxSg3
beales	beales+Po

beali	bealli+N+Sg+Gen
beali	bealli+N+Sg+Acc
beali	beali+Po

bealis	bealli+N+Sg+Loc
bealis	bealli+N+Sg+Gen+PxSg3
bealis	bealli+N+Sg+Acc+PxSg3
bealis	bealis+Po
bealis	bealistit+V+TV+VGen
bealis	bealistit+V+TV+Imprt+Sg2
bealis	bealistit+V+TV+Imprt+ConNeg
bealis	bealistit+V+TV+Ind+Prs+ConNeg

bealis	bealli+N+Sg+Loc
bealis	bealli+N+Sg+Gen+PxSg3
bealis	bealli+N+Sg+Acc+PxSg3
bealis	bealis+Po
bealis	bealistit+V+TV+VGen
bealis	bealistit+V+TV+Imprt+Sg2
bealis	bealistit+V+TV+Imprt+ConNeg
bealis	bealistit+V+TV+Ind+Prs+ConNeg

beallái	bealli+N+Sg+Ill
beallái	beallái+Pr
beallái	beallái+Po

beallai	beallai+Pr
beallai	beallai+Po

beallái	bealli+N+Sg+Ill
beallái	beallái+Pr
beallái	beallái+Po

buorrin	buorri+N+Ess
buorrin	buorrin+Po
buorrin	buorre+A+Ess

guvlui	guovlu+N+Sg+Ill
guvlui	guovlat+V+TV+Der/PassS+V+Ind+Prt+Sg3
guvlui	guvlui+Po

sealggebealde	sealgge#bealde+Pr
sealggebealde	sealgge#bealde+Po
sealggebealde	sealgge#bealde+Adv

siskkobeal	siskko#beal+Po
siskkobeal	siskko#beal+Pr

siskkobealde	siskko#bealde+Pr
siskkobealde	siskko#bealde+Po

siskkobeale	siskko#bealli+N+Sg+Gen+Allegro
siskkobeale	siskko#bealle+N+Sg+Acc
siskkobeale	siskko#bealle+N+Sg+Gen
siskkobeale	siskko#bealle+N+Sg+Gen+Allegro
siskkobeale	siskko#beale+Pr
siskkobeale	siskko#beale+Po

siskkobeali	siskko#bealli+N+Sg+Gen
siskkobeali	siskko#bealli+N+Sg+Acc
siskkobeali	siskko#beali+Pr
siskkobeali	siskko#beali+Po

siskkobeallai	siskko#beallai+Pr
siskkobeallai	siskko#beallai+Po

siskkobeallái	siskko#bealli+N+Sg+Ill
siskkobeallái	siskko#beallái+Pr
siskkobeallái	siskko#beallái+Po

siskkabeal	siskka#beal+Po
siskkabeal	siskka#beal+Pr

siskkabealde	siskka#bealde+Pr
siskkabealde	siskka#bealde+Po

siskkabeale	siskka+N+CmpN/Pref+Cmp#bealli+N+Sg+Gen+Allegro
siskkabeale	siskka+N+CmpN/Pref+Cmp#bealle+N+Sg+Acc
siskkabeale	siskka+N+CmpN/Pref+Cmp#bealle+N+Sg+Gen
siskkabeale	siskka+N+CmpN/Pref+Cmp#bealle+N+Sg+Gen+Allegro
siskkabeale	siskka#bealle+N+Sg+Acc
siskkabeale	siskka#bealle+N+Sg+Gen
siskkabeale	siskka#bealle+N+Sg+Gen+Allegro
siskkabeale	siskka#beale+Pr
siskkabeale	siskka#beale+Po

siskkabeali	siskka+N+CmpN/Pref+Cmp#bealli+N+Sg+Gen
siskkabeali	siskka+N+CmpN/Pref+Cmp#bealli+N+Sg+Acc
siskkabeali	siskka#beali+Pr
siskkabeali	siskka#beali+Po

siskkabeallai	siskka#beallai+Pr
siskkabeallai	siskka#beallai+Po

siskkabeallái	siskka+N+CmpN/Pref+Cmp#bealli+N+Sg+Ill
siskkabeallái	siskka#beallái+Pr
siskkabeallái	siskka#beallái+Po

olgešbeal	olgeš#beal+Po
olgešbeal	olgeš#beal+Pr

olgešbealde	olgeš#bealde+Pr
olgešbealde	olgeš#bealde+Po

olgešbeale	olgeš+A+Attr+Cmp#bealli+N+Sg+Gen+Allegro
olgešbeale	olgeš+A+Attr+Cmp#bealle+N+Sg+Acc
olgešbeale	olgeš+A+Attr+Cmp#bealle+N+Sg+Gen
olgešbeale	olgeš+A+Attr+Cmp#bealle+N+Sg+Gen+Allegro
olgešbeale	olgeš#bealli+N+Sg+Gen+Allegro
olgešbeale	olgeš#beale+Pr
olgešbeale	olgeš#beale+Po

olgešbeali	olgeš+A+Attr+Cmp#bealli+N+Sg+Gen
olgešbeali	olgeš+A+Attr+Cmp#bealli+N+Sg+Acc
olgešbeali	olgeš#bealli+N+Sg+Gen
olgešbeali	olgeš#bealli+N+Sg+Acc
olgešbeali	olgeš#beali+Pr
olgešbeali	olgeš#beali+Po

olgešbeallai	olgeš#beallai+Pr
olgešbeallai	olgeš#beallai+Po

olgešbeallái	olgeš+A+Attr+Cmp#bealli+N+Sg+Ill
olgešbeallái	olgeš#bealli+N+Sg+Ill
olgešbeallái	olgeš#beallái+Pr
olgešbeallái	olgeš#beallái+Po

olgobealde	olgo#bealde+Pr
olgobealde	olgo#bealde+Po

olggobeal	olggo#beal+Pr

olggobealde	olggo#bealde+Po
olggobealde	olggo#bealde+Pr
olggobealde	olggo#bealde+Adv

olggobeale	olggo#bealli+N+Sg+Gen+Allegro
olggobeale	olggo#bealle+N+Sg+Acc
olggobeale	olggo#bealle+N+Sg+Gen
olggobeale	olggo#bealle+N+Sg+Gen+Allegro
olggobeale	olggo#beale+Po
olggobeale	olggo#beale+Pr
olggobeale	olggo#beale+Adv
olggobeale	olgu+N+SgGenCmp+Cmp#bealli+N+Sg+Gen+Allegro
olggobeale	olgu+N+SgGenCmp+Cmp#bealle+N+Sg+Acc
olggobeale	olgu+N+SgGenCmp+Cmp#bealle+N+Sg+Gen
olggobeale	olgu+N+SgGenCmp+Cmp#bealle+N+Sg+Gen+Allegro

olggobeali	olggo#bealli+N+Sg+Gen
olggobeali	olggo#bealli+N+Sg+Acc
olggobeali	olggo#beali+Po
olggobeali	olggo#beali+Pr
olggobeali	olggo#beali+Adv
olggobeali	olgu+N+SgGenCmp+Cmp#bealli+N+Sg+Gen
olggobeali	olgu+N+SgGenCmp+Cmp#bealli+N+Sg+Acc

olggobeallai	olggo#beallai+Pr
olggobeallai	olggo#beallai+Po

olggobeallái	olggo#bealli+N+Sg+Ill
olggobeallái	olggo#beallái+Po
olggobeallái	olggo#beallái+Pr
olggobeallái	olggo#beallái+Adv
olggobeallái	olgu+N+SgGenCmp+Cmp#bealli+N+Sg+Ill

davábealde	davá#bealde+Po
davábealde	davá#bealde+Pr
davábealde	davá#bealde+Adv

davábeale	davá+N+CmpN/Pref+Cmp#bealli+N+Sg+Gen+Allegro
davábeale	davá+N+CmpN/Pref+Cmp#bealle+N+Sg+Acc
davábeale	davá+N+CmpN/Pref+Cmp#bealle+N+Sg+Gen
davábeale	davá+N+CmpN/Pref+Cmp#bealle+N+Sg+Gen+Allegro
davábeale	davá#bealli+N+Sg+Gen+Allegro
davábeale	davá#bealle+N+Sg+Acc
davábeale	davá#bealle+N+Sg+Gen
davábeale	davá#bealle+N+Sg+Gen+Allegro
davábeale	davá#beale+Po
davábeale	davá#beale+Pr
davábeale	davá#beale+Adv

davábeali	davá+N+CmpN/Pref+Cmp#bealli+N+Sg+Gen
davábeali	davá+N+CmpN/Pref+Cmp#bealli+N+Sg+Acc
davábeali	davá#bealli+N+Sg+Gen
davábeali	davá#bealli+N+Sg+Acc
davábeali	davá#beali+Pr
davábeali	davá#beali+Po

davábeallai	davá#beallai+Po
davábeallai	davá#beallai+Pr
davábeallai	davá#beallai+Adv

davábeallái	davá+N+CmpN/Pref+Cmp#bealli+N+Sg+Ill
davábeallái	davá#bealli+N+Sg+Ill
davábeallái	davá#beallái+Pr
davábeallái	davá#beallái+Po

davágeaže	davá+N+CmpN/Pref+Cmp#geahči+N+Sg+Gen+Allegro
davágeaže	davá#geaže+Po
davágeaže	davá#geaže+Pr
davágeaže	davá#geaže+Adv
davágeaže	davá#geahči+N+Sg+Gen+Allegro

oarjjabealde	oarjja#bealde+Po
oarjjabealde	oarjja#bealde+Pr
oarjjabealde	oarjja#bealde+Adv

oarjjabeale	oarjja+N+CmpN/Pref+Cmp#bealli+N+Sg+Gen+Allegro
oarjjabeale	oarjja+N+CmpN/Pref+Cmp#bealle+N+Sg+Acc
oarjjabeale	oarjja+N+CmpN/Pref+Cmp#bealle+N+Sg+Gen
oarjjabeale	oarjja+N+CmpN/Pref+Cmp#bealle+N+Sg+Gen+Allegro
oarjjabeale	oarjja#bealli+N+Sg+Gen+Allegro
oarjjabeale	oarjja#beale+Po
oarjjabeale	oarjja#beale+Pr
oarjjabeale	oarjja#beale+Adv

oarjjabeali	oarjja+N+CmpN/Pref+Cmp#bealli+N+Sg+Gen
oarjjabeali	oarjja+N+CmpN/Pref+Cmp#bealli+N+Sg+Acc
oarjjabeali	oarjja#bealli+N+Sg+Gen
oarjjabeali	oarjja#bealli+N+Sg+Acc
oarjjabeali	oarjja#beali+Pr
oarjjabeali	oarjja#beali+Po

oarjjabeallai	oarjja#beallai+Po
oarjjabeallai	oarjja#beallai+Pr
oarjjabeallai	oarjja#beallai+Adv

oarjjabeallái	oarjja+N+CmpN/Pref+Cmp#bealli+N+Sg+Ill
oarjjabeallái	oarjja#bealli+N+Sg+Ill
oarjjabeallái	oarjja#beallái+Pr
oarjjabeallái	oarjja#beallái+Po

lulábealde	lulá#bealde+Po
lulábealde	lulá#bealde+Pr
lulábealde	lulá#bealde+Adv

lulábeale	lulá+N+CmpN/Pref+Cmp#bealli+N+Sg+Gen+Allegro
lulábeale	lulá+N+CmpN/Pref+Cmp#bealle+N+Sg+Acc
lulábeale	lulá+N+CmpN/Pref+Cmp#bealle+N+Sg+Gen
lulábeale	lulá+N+CmpN/Pref+Cmp#bealle+N+Sg+Gen+Allegro
lulábeale	lulá#bealli+N+Sg+Gen+Allegro
lulábeale	lulá#beale+Po
lulábeale	lulá#beale+Pr
lulábeale	lulá#beale+Adv

lulábeali	lulá+N+CmpN/Pref+Cmp#bealli+N+Sg+Gen
lulábeali	lulá+N+CmpN/Pref+Cmp#bealli+N+Sg+Acc
lulábeali	lulá#bealli+N+Sg+Gen
lulábeali	lulá#bealli+N+Sg+Acc
lulábeali	lulá#beali+Pr
lulábeali	lulá#beali+Po

lulábeallai	lulá#beallai+Po
lulábeallai	lulá#beallai+Pr
lulábeallai	lulá#beallai+Adv

lulábeallái	lulá+N+CmpN/Pref+Cmp#bealli+N+Sg+Ill
lulábeallái	lulá#bealli+N+Sg+Ill
lulábeallái	lulá#beallái+Pr
lulábeallái	lulá#beallái+Po

lulágeaže	lulá+N+CmpN/Pref+Cmp#geahči+N+Sg+Gen+Allegro
lulágeaže	lulá#geaže+Po
lulágeaže	lulá#geaže+Pr
lulágeaže	lulá#geaže+Adv
lulágeaže	lulá#geahči+N+Sg+Gen+Allegro

máttábealde	máttá#bealde+Pr
máttábealde	máttá#bealde+Po

máttábeale	máttá#beale+Pr
máttábeale	máttá#beale+Po

máttábeali	máttá#beali+Pr
máttábeali	máttá#beali+Po

máttábeallai	máttá#beallai+Pr
máttábeallai	máttá#beallai+Po

máttábeallái	máttá#beallái+Pr
máttábeallái	máttá#beallái+Po

máttágeaže	máttá#geaže+Pr
máttágeaže	máttá#geaže+Po

nuorttabealde	nuortta#bealde+Po
nuorttabealde	nuortta#bealde+Pr
nuorttabealde	nuortta#bealde+Adv

nuorttabeale	nuortta#bealli+N+Sg+Gen+Allegro
nuorttabeale	nuortta#bealle+N+Sg+Acc
nuorttabeale	nuortta#bealle+N+Sg+Gen
nuorttabeale	nuortta#bealle+N+Sg+Gen+Allegro
nuorttabeale	nuortta#beale+Po
nuorttabeale	nuortta#beale+Pr
nuorttabeale	nuortta#beale+Adv

nuorttabeali	nuortta#bealli+N+Sg+Gen
nuorttabeali	nuortta#bealli+N+Sg+Acc
nuorttabeali	nuortta#beali+Pr
nuorttabeali	nuortta#beali+Po

nuorttabeallai	nuortta#beallai+Po
nuorttabeallai	nuortta#beallai+Pr
nuorttabeallai	nuortta#beallai+Adv

nuorttabeallái	nuortta#bealli+N+Sg+Ill
nuorttabeallái	nuortta#beallái+Pr
nuorttabeallái	nuortta#beallái+Po

nuorttageaže	nuortta#geaže+Po
nuorttageaže	nuortta#geaže+Pr
nuorttageaže	nuortta#geaže+Adv
nuorttageaže	nuortta#geahči+N+Sg+Gen+Allegro

duogábeal	duogá#beal+Po
duogábeal	duogá#beal+Pr

duogábealde	duogá#bealde+Po
duogábealde	duogá#bealde+Pr
duogábealde	duogá#bealde+Adv

duogábeale	duogá+N+CmpN/Pref+Cmp#bealli+N+Sg+Gen+Allegro
duogábeale	duogá+N+CmpN/Pref+Cmp#bealle+N+Sg+Acc
duogábeale	duogá+N+CmpN/Pref+Cmp#bealle+N+Sg+Gen
duogábeale	duogá+N+CmpN/Pref+Cmp#bealle+N+Sg+Gen+Allegro
duogábeale	duogá#bealli+N+Sg+Gen+Allegro
duogábeale	duogá#bealle+N+Sg+Acc
duogábeale	duogá#bealle+N+Sg+Gen
duogábeale	duogá#bealle+N+Sg+Gen+Allegro
duogábeale	duogá#beale+Po
duogábeale	duogá#beale+Pr
duogábeale	duogá#beale+Adv

duogábeali	duogá+N+CmpN/Pref+Cmp#bealli+N+Sg+Gen
duogábeali	duogá+N+CmpN/Pref+Cmp#bealli+N+Sg+Acc
duogábeali	duogá#bealli+N+Sg+Gen
duogábeali	duogá#bealli+N+Sg+Acc
duogábeali	duogá#beali+Pr
duogábeali	duogá#beali+Po

duogábeallai	duogá#beallai+Po
duogábeallai	duogá#beallai+Pr
duogábeallai	duogá#beallai+Adv

duogábeallái	duogá+N+CmpN/Pref+Cmp#bealli+N+Sg+Ill
duogábeallái	duogá#bealli+N+Sg+Ill
duogábeallái	duogá#beallái+Pr
duogábeallái	duogá#beallái+Po

birra	birra+Pr
birra	birra+Po
birra	birra+Adv

birra	birra+Pr
birra	birra+Po
birra	birra+Adv

bokte	boktit+V+TV+Ind+Prs+Du1
bokte	boktit+V+TV+Ind+Prt+Pl3
bokte	bokte+Po

bakte	bakte+Po

bakto	bakto+Po

bokti	boktit+V+TV+Imprt+Du2
bokti	boktit+V+TV+PrsPrc
bokti	boktit+V+TV+Actor+N+Sg+Nom
bokti	boktit+V+TV+Actor+N+Sg+Gen
bokti	boktit+V+TV+Actor+N+Sg+Acc
bokti	bokti+Po

buohta	buohta+Po

čađa	čađđa+N+Sg+Gen
čađa	čađđa+N+Sg+Acc
čađa	čađa+Pr
čađa	čađa+Po
čađa	čađa+Adv

dáfos	dáfos+Po

dáfun	dáfun+Po

dáfus	dáfus+Po

dáfus	dáfus+Po

dihte	diehtit+V+TV+Ind+Prs+Du1
dihte	diehtit+V+TV+Ind+Prt+Pl3
dihte	dihtti+N+Sg+Gen+Allegro
dihte	dihte+Po

dihtii	dihtii+Po

duoge	duo+Adv+Foc/ge
duoge	duohki+N+Sg+Gen
duoge	duo+N+Sg+Nom+Foc/ge
duoge	duo+N+Sg+Gen+Foc/ge
duoge	duo+N+Sg+Acc+Foc/ge
duoge	duoge+Po
duoge	duoge+Adv

duogi	duohki+N+Sg+Gen
duogi	duohki+N+Sg+Acc
duogi	duogi+Po
duogi	duogi+Adv

duohkai	duohkai+Po

duohkai	duohkai+Po

duohkái	duohki+N+Sg+Ill
duohkái	duohkái+Po
duohkái	duohkái+Adv

duohken	duohken+Po
duohken	duohken+Adv

duohkin	duohki+N+Ess
duohkin	duohkin+Po
duohkin	duohkin+Adv

duohkin	duohki+N+Ess
duohkin	duohkin+Po
duohkin	duohkin+Adv

earet	earet+Pr

earret	earret+Pr

ektui	eaktu+N+Sg+Ill
ektui	ektui+Po

heret	heret+Po

fárrui	fárru+N+Sg+Ill
fárrui	fárrui+Po
fárrui	fárrui+Adv

fárus	fárru+N+Sg+Loc
fárus	fárru+N+Sg+Gen+PxSg3
fárus	fárru+N+Sg+Acc+PxSg3
fárus	fárus+Po
fárus	fárus+Adv

gaskal	gaskat+V+IV+Der/l+V+VGen
gaskal	gaskat+V+IV+Der/l+V+Imprt+Sg2
gaskal	gaskat+V+IV+Der/l+V+Imprt+ConNeg
gaskal	gaskat+V+IV+Der/l+V+Ind+Prs+ConNeg
gaskal	gaskal+Pr
gaskal	gaskal+Po
gaskal	gaskal+Adv

gaskan	gaska+N+Ess
gaskan	gaska+N+Sg+Nom+PxSg1
gaskan	gaska+N+Sg+Gen+PxSg1
gaskan	gaska+N+Sg+Acc+PxSg1
gaskan	gaskat+V+IV+Actio+Nom
gaskan	gaskat+V+IV+Actio+Gen
gaskan	gaskat+V+IV+Actio+Acc
gaskan	gaskat+V+IV+PrfPrc
gaskan	gaskat+V+IV+Der/n+N+Sg+Nom
gaskan	gaskat+V+IV+Der/n+N+Sg+Gen
gaskan	gaskka+N+Sg+Gen
gaskan	gaskka+N+Sg+Acc
gaskan	gaskan+Pr
gaskan	gaskan+Po
gaskan	gaskan+Adv
gaskan	gaskan+N+Sg+Nom
gaskan	gaskan+N+Sg+Gen
gaskan	gaskan+N+Sg+Acc

gaskan	gaska+N+Ess
gaskan	gaska+N+Sg+Nom+PxSg1
gaskan	gaska+N+Sg+Gen+PxSg1
gaskan	gaska+N+Sg+Acc+PxSg1
gaskan	gaskat+V+IV+Actio+Nom
gaskan	gaskat+V+IV+Actio+Gen
gaskan	gaskat+V+IV+Actio+Acc
gaskan	gaskat+V+IV+PrfPrc
gaskan	gaskat+V+IV+Der/n+N+Sg+Nom
gaskan	gaskat+V+IV+Der/n+N+Sg+Gen
gaskan	gaskka+N+Sg+Gen
gaskan	gaskka+N+Sg+Acc
gaskan	gaskan+Pr
gaskan	gaskan+Po
gaskan	gaskan+Adv
gaskan	gaskan+N+Sg+Nom
gaskan	gaskan+N+Sg+Gen
gaskan	gaskan+N+Sg+Acc

gaskii	gaska+N+Sg+Ill
gaskii	gaskii+Po
gaskii	gaskii+Adv

gaskka	gaska+N+Sg+Gen
gaskka	gaska+N+Sg+Acc
gaskka	gaskat+V+IV+VGen
gaskka	gaskat+V+IV+Imprt+Sg2
gaskka	gaskat+V+IV+Imprt+ConNeg
gaskka	gaskat+V+IV+Ind+Prs+ConNeg
gaskka	gaskka+Po
gaskka	gaskka+Adv
gaskka	gaskka+N+Sg+Nom

gaskkal	gaskkal+Pr

gaskkas	gaska+N+Sg+Loc
gaskkas	gaska+N+Sg+Gen+PxSg3
gaskkas	gaska+N+Sg+Acc+PxSg3
gaskkas	gaskat+V+IV+Der/st+V+VGen
gaskkas	gaskat+V+IV+Der/st+V+Imprt+Sg2
gaskkas	gaskat+V+IV+Der/st+V+Imprt+ConNeg
gaskkas	gaskat+V+IV+Der/st+V+Ind+Prs+ConNeg
gaskkas	gaskkas+Adv
gaskkas	gaskkas+Po
gaskkas	gaskkas+N+Sg+Nom

gaskkas	gaska+N+Sg+Loc
gaskkas	gaska+N+Sg+Gen+PxSg3
gaskkas	gaska+N+Sg+Acc+PxSg3
gaskkas	gaskat+V+IV+Der/st+V+VGen
gaskkas	gaskat+V+IV+Der/st+V+Imprt+Sg2
gaskkas	gaskat+V+IV+Der/st+V+Imprt+ConNeg
gaskkas	gaskat+V+IV+Der/st+V+Ind+Prs+ConNeg
gaskkas	gaskkas+Adv
gaskkas	gaskkas+Po
gaskkas	gaskkas+N+Sg+Nom

gasku	gaskit+V+TV+Imprt+Du1
gasku	gaskat+V+IV+Imprt+Du1
gasku	gasku+Po
gasku	gasku+Pr
gasku	gasku+Adv

geahčai	geahččat+V+TV+Ind+Prt+Sg3
geahčai	geahčai+Pr
geahčai	geahčai+Po

geahčen	geahčen+Po
geahčen	geahčen+Adv

geahčil	geahčil+Pr
geahčil	geahčil+Po

geažes	geažes+Pr
geažes	geažes+Po

geažis	geahči+N+Sg+Gen+PxSg3
geažis	geahči+N+Sg+Acc+PxSg3
geažis	geahči+N+Sg+Loc
geažis	geažis+Pr
geažis	geažis+Po

geažil	geažil+Pr
geažil	geažil+Po

guhkkot	guohkkat+V+TV+Imprt+Pl1
guhkkot	guohkkat+V+TV+Der/PassS+V+Inf
guhkkot	guohkkat+V+TV+Der/PassS+V+Ind+Prs+Sg2
guhkkot	guohkkat+V+TV+Der/PassS+V+Ind+Prs+Pl1
guhkkot	guohkkat+V+TV+Der/PassS+V+Der/d+V+VGen
guhkkot	guohkkat+V+TV+Der/PassS+V+Der/d+V+Imprt+Sg2
guhkkot	guohkkat+V+TV+Der/PassS+V+Der/d+V+Imprt+ConNeg
guhkkot	guohkkat+V+TV+Der/PassS+V+Der/d+V+Ind+Prs+ConNeg
guhkkot	guohkkat+V+TV+Der/PassS+V+Der/h+V+TV+VGen
guhkkot	guohkkat+V+TV+Der/PassS+V+Der/h+V+TV+Imprt+Sg2
guhkkot	guohkkat+V+TV+Der/PassS+V+Der/h+V+TV+Imprt+ConNeg
guhkkot	guohkkat+V+TV+Der/PassS+V+Der/h+V+TV+Ind+Prs+ConNeg
guhkkot	guhkkat+V+IV+Imprt+Pl1
guhkkot	guhkkat+V+IV+Der/PassS+V+Inf
guhkkot	guhkkut+V+IV+Ind+Prs+Pl3
guhkkot	guhkkut+V+IV+Ind+Prt+Sg2
guhkkot	guhkkut+V+IV+Imprt+Pl1
guhkkot	guhkkut+V+IV+Imprt+Pl2
guhkkot	guhkkut+V+IV+Actor+N+Sg+Nom+PxSg2
guhkkot	guhkkut+V+IV+Actor+N+Sg+Gen+PxSg2
guhkkot	guhkkut+V+IV+Actor+N+Sg+Acc+PxSg2
guhkkot	guhkkot+Pr
guhkkot	guhkkot+Po

guhkkut	guhkkat+V+IV+Imprt+Pl1
guhkkut	guhkkudit+V+TV+VGen
guhkkut	guhkkudit+V+TV+Imprt+Sg2
guhkkut	guhkkudit+V+TV+Imprt+ConNeg
guhkkut	guhkkudit+V+TV+Ind+Prs+ConNeg
guhkkut	guhkkut+Pr
guhkkut	guhkkut+Po
guhkkut	guhkkut+V+IV+Inf
guhkkut	guhkkut+V+IV+Imprt+Pl2
guhkkut	guhkkut+V+IV+Imprt+Pl1
guhkkut	guhkkut+V+IV+Ind+Prs+Pl1
guhkkut	guhkkut+V+IV+Actor+N+Pl+Nom

gullut	gullat+V+TV+Imprt+Pl1
gullut	gullut+Pr
gullut	gullut+Po

guora	guora+N+Sg+Nom
guora	guorrat+V+TV+VGen
guora	guorrat+V+TV+Imprt+Sg2
guora	guorrat+V+TV+Imprt+ConNeg
guora	guorrat+V+TV+Ind+Prs+ConNeg
guora	guorra+N+Sg+Gen
guora	guorra+N+Sg+Acc
guora	guora+Po
guora	guora+Adv

guoras	guorrat+V+TV+Der/st+V+VGen
guoras	guorrat+V+TV+Der/st+V+Imprt+Sg2
guoras	guorrat+V+TV+Der/st+V+Imprt+ConNeg
guoras	guorrat+V+TV+Der/st+V+Ind+Prs+ConNeg
guoras	guorra+N+Sg+Loc
guoras	guorra+N+Sg+Gen+PxSg3
guoras	guorra+N+Sg+Acc+PxSg3
guoras	guoras+Po
guoras	guoras+Adv
guoras	guorastit+V+TV+VGen
guoras	guorastit+V+TV+Imprt+Sg2
guoras	guorastit+V+TV+Imprt+ConNeg
guoras	guorastit+V+TV+Ind+Prs+ConNeg

guovdalas	guovdalas+Pr
guovdalas	guovdalas+Po

guovddáš	guovdi+N+Der/Dimin+N+Sg+Nom
guovddáš	guovdi+N+Der/Dimin+N+Sg+Gen
guovddáš	guovdi+N+Der/Dimin+N+Sg+Acc
guovddáš	guovddáš+Po
guovddáš	guovddáš+Pr
guovddáš	guovddáš+N+Sg+Nom
guovddáš	guovddáš+N+Sg+Gen
guovddáš	guovddáš+N+Sg+Acc
guovddáš	guovddáš+A+Sg+Nom
guovddáš	guovddáš+A+Sg+Gen
guovddáš	guovddáš+A+Sg+Acc
guovddáš	guovddáš+A+Attr

guovdelas	guovdelas+Pr
guovdelas	guovdelas+Po

guovdelaš	guovdelaš+Pr
guovdelaš	guovdelaš+Po

guovdu	guovdu+Pr
guovdu	guovdu+Po

gurrii	guorra+N+Sg+Ill
gurrii	gurra+N+Sg+Ill
gurrii	gurret+V+TV+Ind+Prt+Sg3
gurrii	gurrii+Po
gurrii	gurrii+Adv

gurutbeal	gurut#beal+Po
gurutbeal	gurut#beal+Pr

gurutbeale	gurut+A+Attr+Cmp#bealli+N+Sg+Gen+Allegro
gurutbeale	gurut+A+Attr+Cmp#bealle+N+Sg+Acc
gurutbeale	gurut+A+Attr+Cmp#bealle+N+Sg+Gen
gurutbeale	gurut+A+Attr+Cmp#bealle+N+Sg+Gen+Allegro
gurutbeale	gurut#bealli+N+Sg+Gen+Allegro
gurutbeale	gurut#beale+Pr
gurutbeale	gurut#beale+Po

gurutbeali	gurut+A+Attr+Cmp#bealli+N+Sg+Gen
gurutbeali	gurut+A+Attr+Cmp#bealli+N+Sg+Acc
gurutbeali	gurut#bealli+N+Sg+Gen
gurutbeali	gurut#bealli+N+Sg+Acc
gurutbeali	gurut#beali+Pr
gurutbeali	gurut#beali+Po

gurutbealde	gurut#bealde+Pr
gurutbealde	gurut#bealde+Po

gurutbeallai	gurut#beallai+Pr
gurutbeallai	gurut#beallai+Po

gurutbeallái	gurut+A+Attr+Cmp#bealli+N+Sg+Ill
gurutbeallái	gurut#bealli+N+Sg+Ill
gurutbeallái	gurut#beallái+Pr
gurutbeallái	gurut#beallái+Po

hárrai	hárrai+Po

hárrái	hárri+G3+N+Sg+Ill
hárrái	hárri+N+Sg+Ill
hárrái	hárrái+Pr
hárrái	hárrái+Po
hárrái	hárrát+V+IV+Ind+Prt+Sg3

hárráj	hárráj+Pr
hárráj	hárráj+Po

hárrái	hárri+G3+N+Sg+Ill
hárrái	hárri+N+Sg+Ill
hárrái	hárrái+Pr
hárrái	hárrái+Po
hárrái	hárrát+V+IV+Ind+Prt+Sg3

haga	haga+Po
haga	haga+Adv

hahttá	hahttá+Pr
hahttá	hahttá+Po

labi	labi+Pr
labi	labi+Po

labis	labis+Pr
labis	labis+Po

lahka	lahka+Pr
lahka	lahka+Po
lahka	lahka+Adv
lahka	lahka+A+Attr

ládje	ládje+Po
ládje	ládje+Adv

loahpageahčai	loahpageahčai+Pr
loahpageahčai	loahpageahčai+Po
loahpageahčai	loahpa#geahčai+Adv

loahpageahčen	loahpageahčen+Pr
loahpageahčen	loahpageahčen+Po
loahpageahčen	loahpa#geahčen+Adv

luhtte	luohttit+V+IV+Ind+Prs+Du1
luhtte	luohttit+V+IV+Ind+Prt+Pl3
luhtte	luhtte+Po

luhtte	luohttit+V+IV+Ind+Prs+Du1
luhtte	luohttit+V+IV+Ind+Prt+Pl3
luhtte	luhtte+Po

lusa	lusa+Po

lusa	lusa+Po

mađe	mađđi+N+Sg+Gen+Allegro
mađe	mađe+CS
mađe	mađe+Po
mađe	mađe+Adv

mađi	mađđi+N+Sg+Gen
mađi	mađđi+N+Sg+Acc
mađi	mađi+CS
mađi	mađi+Po
mađi	mađi+Adv

mađo	mađo+Po

mađu	mađu+Po

maŋil	maŋil+Po

maŋis	maŋŋi+N+Sg+Loc
maŋis	maŋŋi+N+Sg+Gen+PxSg3
maŋis	maŋŋi+N+Sg+Acc+PxSg3
maŋis	maŋis+Po

maŋis	maŋŋi+N+Sg+Loc
maŋis	maŋŋi+N+Sg+Gen+PxSg3
maŋis	maŋŋi+N+Sg+Acc+PxSg3
maŋis	maŋis+Po

maŋŋá	maŋŋá+Pr
maŋŋá	maŋŋá+Po

maŋŋái	maŋŋi+N+Sg+Ill
maŋŋái	maŋŋái+Po

maŋŋái	maŋŋi+N+Sg+Ill
maŋŋái	maŋŋái+Po

maŋŋil	maŋŋil+Pr
maŋŋil	maŋŋil+Po
maŋŋil	maŋŋil+Adv

maŋŋegeahčai	maŋŋegeahčai+Pr
maŋŋegeahčai	maŋŋegeahčai+Po

maŋŋegeahčen	maŋŋe#geahčen+Adv
maŋŋegeahčen	maŋŋegeahčen+Pr
maŋŋegeahčen	maŋŋegeahčen+Po

maŋŋel	maŋŋel+Pr
maŋŋel	maŋŋel+Po
maŋŋel	maŋŋel+Adv

maŋŋelis	maŋŋelis+Po
maŋŋelis	maŋŋelis+Adv

maŋŋelaččas	maŋŋelaš+A+Sg+Gen+PxSg3
maŋŋelaččas	maŋŋelaš+A+Sg+Acc+PxSg3
maŋŋelaččas	maŋŋelaš+A+Sg+Loc
maŋŋelaččas	maŋŋelaččas+Po
maŋŋelaččas	maŋŋelaččas+Adv

mannjel	mannjel+Pr
mannjel	mannjel+Po

mano	mannut+V+IV+Imprt+Sg2
mano	mannut+V+IV+Imprt+ConNeg
mano	mannut+V+IV+Ind+Prs+ConNeg
mano	mannu+N+Sg+Gen
mano	mano+Po

manu	mannu+N+Sg+Gen
manu	mannu+N+Sg+Acc
manu	mannut+V+IV+VGen
manu	manu+Po

meaddel	meaddel+Pr
meaddel	meaddel+Po

meaddil	meaddit+V+IV+Der/l+V+VGen
meaddil	meaddit+V+IV+Der/l+V+Imprt+Sg2
meaddil	meaddit+V+IV+Der/l+V+Imprt+ConNeg
meaddil	meaddit+V+IV+Der/l+V+Ind+Prs+ConNeg
meaddil	meaddil+Pr
meaddil	meaddil+Po

meattil	meattil+Pr
meattil	meattil+Po

meattá	meattá+Pr
meattá	meattá+Po
meattá	meattá+Adv

miehtá	miehtat+V+TV+Ind+Prs+Sg3
miehtá	miehtá+Pr
miehtá	miehtá+Po
miehtá	miehtá+Adv

miel	miel+Po
miel	miel+ShCmp+N+Attr

mielde	mielde+Po
mielde	mielde+Adv

mielde	mielde+Po
mielde	mielde+Adv

mielde	mielde+Po
mielde	mielde+Adv

mieldi	mieldi+Po
mieldi	mieldi+Adv

muttos	muttos+Po

nala	nallat+V+TV+VGen
nala	nallat+V+TV+Imprt+Sg2
nala	nallat+V+TV+Imprt+ConNeg
nala	nallat+V+TV+Ind+Prs+ConNeg
nala	nala+Po
nala	nala+Adv

nalde	nalde+Po
nalde	nalde+Adv

njeaiga	njeaiga+Po

njeaigga	njeaigga+Po

nuorttabealde	nuortta#bealde+Po
nuorttabealde	nuortta#bealde+Pr
nuorttabealde	nuortta#bealde+Adv

oaidnut	oaidnit+V+TV+Imprt+Pl1
oaidnut	oaidnut+Pr
oaidnut	oaidnut+Po

oasil	oasil+Pr
oasil	oasil+Po

oarjjábeal	oarjjá#beal+Pr
oarjjábeal	oarjjá#beal+Po

oarjjageaže	oarjja+N+CmpN/Pref+Cmp#geahči+N+Sg+Gen+Allegro
oarjjageaže	oarjja#geaže+Po
oarjjageaže	oarjja#geaže+Pr
oarjjageaže	oarjja#geaže+Adv
oarjjageaže	oarjja#geahči+N+Sg+Gen+Allegro

olggil	olggil+Po

olis	ollit+V+IV+Der/st+V+VGen
olis	ollit+V+IV+Der/st+V+Imprt+Sg2
olis	ollit+V+IV+Der/st+V+Imprt+ConNeg
olis	ollit+V+IV+Der/st+V+Ind+Prs+ConNeg
olis	olli+N+Sg+Loc
olis	olli+N+Sg+Gen+PxSg3
olis	olli+N+Sg+Acc+PxSg3
olis	olis+Pr
olis	olis+Po

ollái	ollái+Pr
ollái	ollái+Po
ollái	ollit+V+IV+Actor+N+Sg+Ill
ollái	olli+N+Sg+Ill

ovdabeal	ovda#beal+Po
ovdabeal	ovda#beal+Pr

ovdal	ovdal+Pr
ovdal	ovdal+Po
ovdal	ovdal+Adv

ovdalis	ovdalis+Po
ovdalis	ovdalis+Adv

ovdalaččas	ovdalaš+A+Sg+Gen+PxSg3
ovdalaččas	ovdalaš+A+Sg+Acc+PxSg3
ovdalaččas	ovdalaš+A+Sg+Loc
ovdalaččas	ovdalaččas+Po
ovdalaččas	ovdalaččas+Adv

ovdii	ovdii+Po

ovdasii	ovddas+N+Sg+Ill
ovdasii	ovdasii+Po

ovddabeale	ovdda+N+CmpN/Pref+Cmp#bealli+N+Sg+Gen+Allegro
ovddabeale	ovdda+N+CmpN/Pref+Cmp#bealle+N+Sg+Acc
ovddabeale	ovdda+N+CmpN/Pref+Cmp#bealle+N+Sg+Gen
ovddabeale	ovdda+N+CmpN/Pref+Cmp#bealle+N+Sg+Gen+Allegro
ovddabeale	ovdda#bealli+N+Sg+Gen+Allegro
ovddabeale	ovdda#bealle+N+Sg+Acc
ovddabeale	ovdda#bealle+N+Sg+Gen
ovddabeale	ovdda#bealle+N+Sg+Gen+Allegro
ovddabeale	ovdda#beale+Po
ovddabeale	ovdda#beale+Adv

ovddabeal	ovdda#beal+Po

ovddabealde	ovdda#bealde+Po
ovddabealde	ovdda#bealde+Adv

ovddabeallai	ovdda#beallai+Po
ovddabeallai	ovdda#beallai+Adv

ovddabeallái	ovdda+N+CmpN/Pref+Cmp#bealli+N+Sg+Ill
ovddabeallái	ovdda#bealli+N+Sg+Ill
ovddabeallái	ovdda#beallái+Po

ovddabeali	ovdda+N+CmpN/Pref+Cmp#bealli+N+Sg+Gen
ovddabeali	ovdda+N+CmpN/Pref+Cmp#bealli+N+Sg+Acc
ovddabeali	ovdda#bealli+N+Sg+Gen
ovddabeali	ovdda#bealli+N+Sg+Acc
ovddabeali	ovdda#beali+Po

ovddal	ovddal+Po

ovddan	ovddan+Po

ovddas	ovddas+Adv
ovddas	ovddas+Po
ovddas	ovddastit+V+TV+VGen
ovddas	ovddastit+V+TV+Imprt+Sg2
ovddas	ovddastit+V+TV+Imprt+ConNeg
ovddas	ovddastit+V+TV+Ind+Prs+ConNeg
ovddas	ovddas+N+Sg+Nom

ovddas	ovddas+Adv
ovddas	ovddas+Po
ovddas	ovddastit+V+TV+VGen
ovddas	ovddastit+V+TV+Imprt+Sg2
ovddas	ovddastit+V+TV+Imprt+ConNeg
ovddas	ovddastit+V+TV+Ind+Prs+ConNeg
ovddas	ovddas+N+Sg+Nom

ovdii	ovdii+Po

ráigge	ráigi+N+Sg+Gen+Allegro
ráigge	ráigge+Po
ráigge	ráigge+Adv

rádjai	rádjai+Po
rádjai	rádjai+Adv

rádjái	rádji+N+Sg+Ill
rádjái	rádjá+N+Sg+Ill
rádjái	rádjái+Po
rádjái	rádjái+Adv

ráje	rádji+N+Sg+Gen+Allegro
ráje	ráje+Po

rájes	rájes+Po

ráji	rádji+N+Sg+Gen
ráji	rádji+N+Sg+Acc
ráji	ráji+Po

rájis	rádji+N+Sg+Loc
rájis	rádji+N+Sg+Gen+PxSg3
rájis	rádji+N+Sg+Acc+PxSg3
rájis	rájis+Po
rájis	rájis+Adv

rastá	rastá+Pr
rastá	rastá+Po
rastá	rastá+Adv

sadjái	sadji+N+Sg+Ill
sadjái	sadjái+Po

sajes	sadjit+V+TV+Der/st+V+VGen
sajes	sadjit+V+TV+Der/st+V+Imprt+Sg2
sajes	sadjit+V+TV+Der/st+V+Imprt+ConNeg
sajes	sadjit+V+TV+Der/st+V+Ind+Prs+ConNeg
sajes	sajes+Po

sajis	sadji+N+Sg+Loc
sajis	sadji+N+Sg+Gen+PxSg3
sajis	sadji+N+Sg+Acc+PxSg3
sajis	sadjit+V+TV+Der/st+V+VGen
sajis	sadjit+V+TV+Der/st+V+Imprt+Sg2
sajis	sadjit+V+TV+Der/st+V+Imprt+ConNeg
sajis	sadjit+V+TV+Der/st+V+Ind+Prs+ConNeg
sajis	sajis+Po
sajis	sajis+Adv

seahká	seahká+Po

sisa	sisa+Adv
sisa	sisa+Po

sisa	sisa+Adv
sisa	sisa+Po

siskkil	siskkil+Po
siskkil	siskkil+Adv
siskkil	siskkildit+V+TV+VGen
siskkil	siskkildit+V+TV+Imprt+Sg2
siskkil	siskkildit+V+TV+Imprt+ConNeg
siskkil	siskkildit+V+TV+Ind+Prs+ConNeg

siste	sistat+V+TV+Ind+Prs+Du1
siste	sistat+V+TV+Ind+Prt+Pl3
siste	siste+Po
siste	siste+Adv

siste	sistat+V+TV+Ind+Prs+Du1
siste	sistat+V+TV+Ind+Prt+Pl3
siste	siste+Po
siste	siste+Adv

sivas	sivva+N+Sg+Loc
sivas	sivva+N+Sg+Gen+PxSg3
sivas	sivva+N+Sg+Acc+PxSg3
sivas	sivas+Pr
sivas	sivas+Po

skivhlái	skivhlái+Pr
skivhlái	skivhlái+Po

suktii	suktii+Pr
suktii	suktii+Po

várás	várás+Po
várás	várás+Adv
várás	várá+N+Sg+Nom+PxSg3
várás	várá+N+Sg+Gen+PxSg3
várás	várá+N+Sg+Acc+PxSg3
várás	várá+N+Sg+Loc
várás	várát+V+TV+Der/st+V+VGen
várás	várát+V+TV+Der/st+V+Imprt+Sg2
várás	várát+V+TV+Der/st+V+Imprt+ConNeg
várás	várát+V+TV+Der/st+V+Ind+Prs+ConNeg

várte	várte+Pr
várte	várte+Po

váste	váste+Po

vehkii	veahka+N+Sg+Ill
vehkii	vehkii+Pr
vehkii	vehkii+Po

veagas	veahka+N+Sg+Loc
veagas	veahka+N+Sg+Gen+PxSg3
veagas	veahka+N+Sg+Acc+PxSg3
veagas	veagas+Po

veardde	veardi+N+Sg+Gen+Allegro
veardde	veardde+Pr
veardde	veardde+Po

vehkii	veahka+N+Sg+Ill
vehkii	vehkii+Pr
vehkii	vehkii+Po

vehkiin	veahkki+N+Pl+Loc
vehkiin	veahkki+N+Sg+Com
vehkiin	vehkiin+Po

viđá	viđá+Po

viđe	vihti+N+Sg+Gen+Allegro
viđe	viđe+Po

vuđđosin	vuođus+N+Sg+Loc
vuđđosin	vuđđosin+Po

vuođul	vuođul+Po

vuolde	vuolde+Po
vuolde	vuolde+Adv

vuolde	vuolde+Po
vuolde	vuolde+Adv

vuole	vuolli+N+Sg+Gen+Allegro
vuole	vuole+Po

vuoli	vuolli+N+Sg+Gen
vuoli	vuolli+N+Sg+Acc
vuoli	vuoli+Po

vuolil	vuolil+Pr
vuolil	vuolil+Po
vuolil	vuolil+Adv
vuolil	vuolildit+V+TV+VGen
vuolil	vuolildit+V+TV+Imprt+Sg2
vuolil	vuolildit+V+TV+Imprt+ConNeg
vuolil	vuolildit+V+TV+Ind+Prs+ConNeg

vuolin	vuolli+N+Sg+Loc
vuolin	vuolin+Po

vuolis	vuolli+N+Sg+Gen+PxSg3
vuolis	vuolli+N+Sg+Acc+PxSg3
vuolis	vuolli+N+Sg+Loc
vuolis	vuolis+Po

vuollai	vuollai+Po
vuollai	vuollai+Adv

vuollai	vuollai+Po
vuollai	vuollai+Adv

vuollái	vuolli+N+Sg+Ill
vuollái	vuollái+Po
vuollái	vuollái+Adv
vuollái	vuollat+V+TV+Actor+N+Sg+Ill

vuollel	vuollel+Pr
vuollel	vuollel+Po
vuollel	vuollel+Adv

vuollil	vuollil+Pr
vuollil	vuollil+Po
vuollil	vuollil+Adv

vulobeal	vulo#beal+Po
vulobeal	vulo#beal+Pr

vulobeale	vulo#bealli+N+Sg+Gen+Allegro
vulobeale	vulo#beale+Po
vulobeale	vulo#beale+Pr
vulobeale	vulo#beale+Adv

vulobeali	vulo#bealli+N+Sg+Gen
vulobeali	vulo#bealli+N+Sg+Acc
vulobeali	vulo#beali+Pr
vulobeali	vulo#beali+Po

vulobealde	vulo#bealde+Po
vulobealde	vulo#bealde+Pr
vulobealde	vulo#bealde+Adv

vulobeallai	vulo#beallai+Po
vulobeallai	vulo#beallai+Pr
vulobeallai	vulo#beallai+Adv

vulobeallái	vulo#bealli+N+Sg+Ill
vulobeallái	vulo#beallái+Pr
vulobeallái	vulo#beallái+Po

vuolábeal	vuolá#beal+Po
vuolábeal	vuolá#beal+Pr

vuolábeale	vuolá#bealli+N+Sg+Gen+Allegro
vuolábeale	vuolá#beale+Po
vuolábeale	vuolá#beale+Pr
vuolábeale	vuolá#beale+Adv

vuolábeali	vuolá#bealli+N+Sg+Gen
vuolábeali	vuolá#bealli+N+Sg+Acc
vuolábeali	vuolá#beali+Pr
vuolábeali	vuolá#beali+Po

vuolábealde	vuolá#bealde+Po
vuolábealde	vuolá#bealde+Pr
vuolábealde	vuolá#bealde+Adv

vuolábeallai	vuolá#beallai+Po
vuolábeallai	vuolá#beallai+Pr
vuolábeallai	vuolá#beallai+Adv

vuolábeallái	vuolá#bealli+N+Sg+Ill
vuolábeallái	vuolá#beallái+Pr
vuolábeallái	vuolá#beallái+Po

vuostá	vuostá+N+Sg+Nom
vuostá	vuostá+Pr
vuostá	vuostá+Po
vuostá	vuostá+Adv

vuostái	vuosti+N+Sg+Ill
vuostái	vuostá+N+Sg+Ill
vuostái	vuostái+Pr
vuostái	vuostái+Po
vuostái	vuostái+Adv

ijabealde	ija#bealde+Po
ijabealde	ija#bealde+Pr
ijabealde	ija#bealde+Adv

ijabeallai	ija#beallai+Pr
ijabeallai	ija#beallai+Po

ijabeallái	idja+N+SgGenCmp+Cmp#bealli+N+Sg+Ill
ijabeallái	ija#bealli+N+Sg+Ill
ijabeallái	ija#beallái+Po
ijabeallái	ija#beallái+Pr
ijabeallái	ija#beallái+Adv

