real-word errors:

** one preferred
* obban - obbán

obban
obban	obban+Adv

obbán
obbán	obbát+V+IV+Actio+Nom
obbán	obbát+V+IV+Actio+Gen
obbán	obbát+V+IV+Actio+Acc
obbán	obbát+V+IV+PrfPrc
obbán	obbát+V+IV+Der/n+N+Sg+Nom
obbán	obbát+V+IV+Der/n+N+Sg+Gen
obbán	obbát+V+IV+Ind+Prs+Sg1

* dohko - dohkko

dohko
dohko	dohko+Adv

dohkko
dohkko	doahkkut+V+IV+Der/PassS+V+Ind+Prs+Sg3
dohkko	doahkkut+V+IV+Der/PassS+V+Ind+Prs+ConNeg
dohkko	doahkkut+V+IV+Ind+Prs+Du1
dohkko	doahkkut+V+IV+Ind+Prt+Pl3
dohkko	doahkkut+V+IV+Imprt+ConNegII


* báhcán - báhcan

báhcán
báhcán	báhcit+V+IV+PrfPrc

báhcan
báhcan	báhccat+V+IV+Ind+Prs+Sg1

* jearrán - jearran

jearrán
jearrán	jearrat+V+TV+Actor+N+Sg+Nom+PxSg1
jearrán	jearrat+V+TV+Actor+N+Sg+Gen+PxSg1
jearrán	jearrat+V+TV+Actor+N+Sg+Acc+PxSg1

jearran
jearran	jearrat+V+TV+Actio+Nom
jearran	jearrat+V+TV+Actio+Gen
jearran	jearrat+V+TV+Actio+Acc
jearran	jearrat+V+TV+PrfPrc
jearran	jearrat+V+TV+Der/n+N+Sg+Nom
jearran	jearrat+V+TV+Der/n+N+Sg+Gen

* ihttin - ihtin?

ihtin
ihtin	ihtit+V+IV+Actio+Nom
ihtin	ihtit+V+IV+Actio+Gen
ihtin	ihtit+V+IV+Actio+Acc
ihtin	ihtit+V+IV+Der/n+N+Sg+Nom
ihtin	ihtit+V+IV+Der/n+N+Sg+Gen
ihtin	ihtin+Adv

ihttin
ihttin	ihtit+V+IV+Actor+N+Ess
ihttin	ihttin+Adv

* sága - saga

sága
sága	sáhka+N+Sg+Gen
sága	sáhka+N+Sg+Acc
sága	sáhkat+V+TV+VGen
sága	sáhkat+V+TV+Imprt+Sg2
sága	sáhkat+V+TV+Imprt+ConNeg
sága	sáhkat+V+TV+Ind+Prs+ConNeg

saga
saga	sahkat+V+IV+VGen
saga	sahkat+V+IV+Imprt+Sg2
saga	sahkat+V+IV+Imprt+ConNeg
saga	sahkat+V+IV+Ind+Prs+ConNeg
saga	saga+N+Sg+Nom
saga	saga+N+Sg+Gen
saga	saga+N+Sg+Acc

* bargui - bárgui

bargui
bargui	bargu+N+Sg+Ill
bargui	bargat+V+TV+Der/PassS+V+Ind+Prt+Sg3

bárgui
bárgui	bárgut+V+IV+Actor+N+Sg+Ill

* mánnu - mannu #Duommá

mánnu
mánnu	mánnu+Hum+N+Sg+Nom

mannu
mannu	mannat+V+IV+Imprt+Du1
mannu	mannut+V+IV+Imprt+Du2
mannu	mannut+V+IV+Imprt+Du1
mannu	mannut+V+IV+Ind+Prs+Sg3
mannu	mannut+V+IV+Actor+N+Sg+Acc
mannu	mannut+V+IV+Actor+N+Sg+Gen
mannu	mannut+V+IV+Actor+N+Sg+Nom
mannu	mannu+N+Sg+Nom


** equal weight??

* manne - mánne

manne
manne	mannat+V+IV+Ind+Prs+Du1
manne	mannat+V+IV+Ind+Prt+Pl3
manne	manne+Adv
manne	mannet+V+IV+VGen
manne	mannet+V+IV+Imprt+Sg2
manne	mannet+V+IV+Imprt+ConNeg
manne	mannet+V+IV+Ind+Prs+Sg3
manne	mannet+V+IV+Ind+Prs+ConNeg

mánne
mánne	mánnat+V+TV+Ind+Prs+Du1
mánne	mánnat+V+TV+Ind+Prt+Pl3